{
  "Spline": [
    [
      -7.405391701594975e-17,
      0.6343551097512247,
      -0.20611445999145508
    ],
    [
      -7.405349628401677e-17,
      0.5396146985292436,
      -0.39205299627780915
    ],
    [
      -7.405284097843575e-17,
      0.3920529962778092,
      -0.5396146587729455
    ],
    [
      -7.405201524539174e-17,
      0.2061144401133061,
      -0.6343550302386284
    ],
    [
      -7.405109991342638e-17,
      0.0,
      -0.6670003180503845
    ],
    [
      -7.405018458146102e-17,
      -0.2061144401133061,
      -0.6343549904823303
    ],
    [
      -7.40493588487701e-17,
      -0.3920529167652131,
      -0.5396145395040512
    ],
    [
      -7.404870354371874e-17,
      -0.5396144997477532,
      -0.39205287700891495
    ],
    [
      -7.404828281196232e-17,
      -0.6343548712134363,
      -0.20611438047885897
    ],
    [
      -7.404813783776528e-17,
      -0.6670001590251924,
      0.0
    ],
    [
      -7.404828281196232e-17,
      -0.6343548712134363,
      0.20611438047885897
    ],
    [
      -7.40487035438953e-17,
      -0.5396144599914552,
      0.3920528372526169
    ],
    [
      -7.40493588491232e-17,
      -0.39205283725261697,
      0.539614420235157
    ],
    [
      -7.405018458172584e-17,
      -0.206114380478859,
      0.6343547917008401
    ],
    [
      -7.40510999133381e-17,
      -1.9878149032592778e-08,
      0.6670000795125962
    ],
    [
      -7.405201524486208e-17,
      0.2061143208444119,
      0.6343547519445419
    ],
    [
      -7.405284097737643e-17,
      0.39205275774002085,
      0.539614380478859
    ],
    [
      -7.405349628242779e-17,
      0.539614340722561,
      0.39205279749631883
    ],
    [
      -7.405391701418421e-17,
      0.634354712188244,
      0.2061143407225609
    ],
    [
      -7.405554302585868e-17,
      1.0005000000000002,
      0.0
    ],
    [
      -7.405391701594975e-17,
      0.6343551097512247,
      -0.20611445999145508
    ],
    [
      -7.405391701594975e-17,
      0.6343551097512247,
      -0.20611445999145508
    ]
  ],
  "Cube": [
    [
      0.3,
      0.3,
      0.3
    ],
    [
      0.3,
      0.3,
      -0.3
    ],
    [
      -0.3,
      0.3,
      -0.3
    ],
    [
      -0.3,
      -0.3,
      -0.3
    ],
    [
      0.3,
      -0.3,
      -0.3
    ],
    [
      0.3,
      0.3,
      -0.3
    ],
    [
      -0.3,
      0.3,
      -0.3
    ],
    [
      -0.3,
      0.3,
      0.3
    ],
    [
      0.3,
      0.3,
      0.3
    ],
    [
      0.3,
      -0.3,
      0.3
    ],
    [
      0.3,
      -0.3,
      -0.3
    ],
    [
      -0.3,
      -0.3,
      -0.3
    ],
    [
      -0.3,
      -0.3,
      0.3
    ],
    [
      0.3,
      -0.3,
      0.3
    ],
    [
      -0.3,
      -0.3,
      0.3
    ],
    [
      -0.3,
      0.3,
      0.3
    ]
  ],
  "COG": [
    [
      -0.9365294770546164,
      0.0,
      -1.0808126323136331
    ],
    [
      -1.011247597663632,
      0.0,
      -1.0112475976636315
    ],
    [
      -1.0808126323136371,
      0.0,
      -0.9365294770546173
    ],
    [
      -1.1448700935337925,
      0.0,
      -0.8570390169022964
    ],
    [
      -1.2030935591850025,
      0.0,
      -0.7731812823707587
    ],
    [
      -1.5694949785763712,
      0.0,
      -0.8570090968177427
    ],
    [
      -1.6266344142124638,
      0.0,
      -0.7428590460541455
    ],
    [
      -1.675484893731698,
      0.0,
      -0.6249235558703846
    ],
    [
      -1.7157974862879706,
      0.0,
      -0.5038035984912019
    ],
    [
      -1.74736676815009,
      0.0,
      -0.3801163734562248
    ],
    [
      -1.7700318694940138,
      0.0,
      -0.254492162512582
    ],
    [
      -1.7836772941585985,
      0.0,
      -0.12757111784359831
    ],
    [
      -1.7882335081875647,
      0.0,
      6.217248937900877e-16
    ],
    [
      -1.7836772941585979,
      0.0,
      0.12757111784359898
    ],
    [
      -1.7700318694940138,
      0.0,
      0.25449216251258283
    ],
    [
      -1.74736676815009,
      0.0,
      0.3801163734562251
    ],
    [
      -1.7157974862879706,
      0.0,
      0.5038035984912023
    ],
    [
      -1.6754848937316973,
      0.0,
      0.6249235558703847
    ],
    [
      -1.6266344142124654,
      0.0,
      0.7428590460541462
    ],
    [
      -1.5694949785763699,
      0.0,
      0.8570090968177425
    ],
    [
      -1.2030935591850025,
      0.0,
      0.7731812823707587
    ],
    [
      -1.1448700935337919,
      0.0,
      0.8570390169022958
    ],
    [
      -1.0808126323136371,
      0.0,
      0.9365294770546172
    ],
    [
      -1.0112475976636304,
      0.0,
      1.0112475976636297
    ],
    [
      -0.9365294770546179,
      0.0,
      1.0808126323136358
    ],
    [
      -0.8570390169022972,
      0.0,
      1.1448700935337912
    ],
    [
      -0.7731812823707593,
      0.0,
      1.2030935591850014
    ],
    [
      -0.8570090968177418,
      0.0,
      1.5694949785763694
    ],
    [
      -0.7428590460541458,
      0.0,
      1.6266344142124638
    ],
    [
      -0.6249235558703845,
      0.0,
      1.6754848937316968
    ],
    [
      -0.5038035984912028,
      0.0,
      1.71579748628797
    ],
    [
      -0.3801163734562238,
      0.0,
      1.7473667681500888
    ],
    [
      -0.2544921625125824,
      0.0,
      1.7700318694940127
    ],
    [
      -0.12757111784359837,
      0.0,
      1.7836772941585963
    ],
    [
      0.0,
      0.0,
      1.788233508187563
    ],
    [
      0.12757111784359837,
      0.0,
      1.7836772941585963
    ],
    [
      0.2544921625125824,
      0.0,
      1.7700318694940116
    ],
    [
      0.3801163734562252,
      0.0,
      1.7473667681500886
    ],
    [
      0.5038035984912014,
      0.0,
      1.7157974862879688
    ],
    [
      0.6249235558703845,
      0.0,
      1.6754848937316962
    ],
    [
      0.7428590460541443,
      0.0,
      1.6266344142124625
    ],
    [
      0.8570090968177411,
      0.0,
      1.5694949785763683
    ],
    [
      0.7731812823707571,
      0.0,
      1.2030935591850005
    ],
    [
      0.8570390169022943,
      0.0,
      1.1448700935337897
    ],
    [
      0.9365294770546158,
      0.0,
      1.0808126323136342
    ],
    [
      1.011247597663629,
      0.0,
      1.0112475976636284
    ],
    [
      1.0808126323136336,
      0.0,
      0.9365294770546158
    ],
    [
      1.1448700935337897,
      0.0,
      0.8570390169022943
    ],
    [
      1.2030935591849996,
      0.0,
      0.7731812823707571
    ],
    [
      1.569494978576367,
      0.0,
      0.8570090968177411
    ],
    [
      1.6266344142124625,
      0.0,
      0.7428590460541444
    ],
    [
      1.675484893731695,
      0.0,
      0.6249235558703832
    ],
    [
      1.715797486287967,
      0.0,
      0.5038035984912008
    ],
    [
      1.747366768150087,
      0.0,
      0.3801163734562237
    ],
    [
      1.770031869494011,
      0.0,
      0.25449216251258155
    ],
    [
      1.7836772941585934,
      0.0,
      0.12757111784359784
    ],
    [
      1.788233508187561,
      0.0,
      -4.884981308350689e-16
    ],
    [
      1.7836772941585934,
      0.0,
      -0.1275711178435992
    ],
    [
      1.7700318694940096,
      0.0,
      -0.2544921625125825
    ],
    [
      1.747366768150087,
      0.0,
      -0.38011637345622507
    ],
    [
      1.715797486287967,
      0.0,
      -0.5038035984912017
    ],
    [
      1.6754848937316937,
      0.0,
      -0.6249235558703843
    ],
    [
      1.626634414212461,
      0.0,
      -0.7428590460541449
    ],
    [
      1.569494978576367,
      0.0,
      -0.8570090968177418
    ],
    [
      1.2030935591849983,
      0.0,
      -0.773181282370758
    ],
    [
      1.1448700935337883,
      0.0,
      -0.8570390169022954
    ],
    [
      1.0808126323136336,
      0.0,
      -0.9365294770546166
    ],
    [
      1.0112475976636262,
      0.0,
      -1.011247597663629
    ],
    [
