{
  "Spline": [
    [
      -7.405391701594975e-17,
      0.6343551097512247,
      -0.20611445999145508
    ],
    [
      -7.405349628401677e-17,
      0.5396146985292436,
      -0.39205299627780915
    ],
    [
      -7.405284097843575e-17,
      0.3920529962778092,
      -0.5396146587729455
    ],
    [
      -7.405201524539174e-17,
      0.2061144401133061,
      -0.6343550302386284
    ],
    [
      -7.405109991342638e-17,
      0.0,
      -0.6670003180503845
    ],
    [
      -7.405018458146102e-17,
      -0.2061144401133061,
      -0.6343549904823303
    ],
    [
      -7.40493588487701e-17,
      -0.3920529167652131,
      -0.5396145395040512
    ],
    [
      -7.404870354371874e-17,
      -0.5396144997477532,
      -0.39205287700891495
    ],
    [
      -7.404828281196232e-17,
      -0.6343548712134363,
      -0.20611438047885897
    ],
    [
      -7.404813783776528e-17,
      -0.6670001590251924,
      0.0
    ],
    [
      -7.404828281196232e-17,
      -0.6343548712134363,
      0.20611438047885897
    ],
    [
      -7.40487035438953e-17,
      -0.5396144599914552,
      0.3920528372526169
    ],
    [
      -7.40493588491232e-17,
      -0.39205283725261697,
      0.539614420235157
    ],
    [
      -7.405018458172584e-17,
      -0.206114380478859,
      0.6343547917008401
    ],
    [
      -7.40510999133381e-17,
      -1.9878149032592778e-08,
      0.6670000795125962
    ],
    [
      -7.405201524486208e-17,
      0.2061143208444119,
      0.6343547519445419
    ],
    [
      -7.405284097737643e-17,
      0.39205275774002085,
      0.539614380478859
    ],
    [
      -7.405349628242779e-17,
      0.539614340722561,
      0.39205279749631883
    ],
    [
      -7.405391701418421e-17,
      0.634354712188244,
      0.2061143407225609
    ],
    [
      -7.405554302585868e-17,
      1.0005000000000002,
      0.0
    ],
    [
      -7.405391701594975e-17,
      0.6343551097512247,
      -0.20611445999145508
    ],
    [
      -7.405391701594975e-17,
      0.6343551097512247,
      -0.20611445999145508
    ]
  ],
  "Rombus": [
    [
      0,
      0.1,
      0
    ],
    [
      0.1,
      0,
      0
    ],
    [
      0,
      0,
      0.1
    ],
    [
      -0.1,
      0,
      0
    ],
    [
      0,
      0,
      -0.1
    ],
    [
      0,
      0.1,
      0
    ],
    [
      0,
      0,
      0.1
    ],
    [
      0,
      -0.1,
      0
    ],
    [
      0,
      0,
      -0.1
    ],
    [
      0.1,
      0,
      0
    ],
    [
      0,
      0.1,
      0
    ],
    [
      -0.1,
      0,
      0
    ],
    [
      0,
      -0.1,
      0
    ],
    [
      0.1,
      0,
      0
    ]
  ]
}